District,Jan,Feb,Mar,Apr,May,Jun,Jul,Aug,Sep,Oct,Nov,Dec
Ariyalur,159.65,163.8,198.4,190.5,200.26,179.7,179.18,181.35,172.5,160.58,141.9,143.22
Coimbatore,174.5786275,171.9776471,202.5120588,193.6941176,187.6958824,154.8941176,151.7328431,154.0365686,157.0705882,158.4829412,148.0088235,158.2732353
